{"losses": {"train": [3.841567495122067e-08, 3.8380830042373164e-08, 3.835626952333012e-08, 3.834108434540568e-08], "valid": [3.1312674101373347e-06, 3.125226983264749e-06, 3.1225739075407622e-06, 3.1212936137741035e-06]}, "cur_epoch": 4, "best_epoch": 3, "best_loss": 3.1212936137741035e-06, "time_process": 29461.94350862503, "model_name": "EDCLSTM_Tato.pt"}