{"losses": {"train": [29162.558516820274, 3158.419565232595, 2617.1478883107507, 2425.0839697519937, 2378.1379160881042, 2347.220374997457, 2339.074802907308, 2276.306938680013, 2240.4997974395756, 2218.0528975486754, 2189.6537101109825, 2171.8581462860107, 2187.594185670217, 2138.272024981181, 2121.99042263031, 2157.1703898747764, 2094.5158842086794, 2081.538756720225, 2071.5683760960897, 2057.7690298716225, 2033.2281875610354, 1991.795237159729, 1951.6935666402183, 1904.772474861145, 1967.306916173299, 1957.9740540822347, 1891.1327529907226, 1810.4343977292378, 1709.792520014445, 1666.323003578186, 1614.4573846499125, 1599.497731145223, 1548.9259275754291, 1569.576642481486, 1575.8444533983866, 1506.7839431126913, 1473.1622698465983, 1441.379870223999, 1431.1948565800983, 1435.3317118326825, 1397.9529078801472, 1397.1079101244607, 1391.0922019004822, 1321.9562518596651, 1328.092497221629, 1285.3137134869894, 1328.6045877456665], "valid": [490.7544002532959, 394.15915870666504, 354.60778045654297, 343.55700874328613, 343.4562397003174, 339.94491958618164, 331.5372848510742, 324.35411262512207, 321.642765045166, 318.1475296020508, 314.7493362426758, 311.8002166748047, 317.4473171234131, 310.0031394958496, 311.774938583374, 305.35698318481445, 302.80640411376953, 301.99461555480957, 308.6156578063965, 302.5661277770996, 298.54234886169434, 297.8114585876465, 289.47080993652344, 282.08172607421875, 303.20258140563965, 293.8215751647949, 281.4101333618164, 266.12248611450195, 251.96847534179688, 256.8517951965332, 248.55788803100586, 249.18677711486816, 242.68512725830078, 257.52964782714844, 251.1560001373291, 236.64979553222656, 243.03108596801758, 232.97335815429688, 241.9074306488037, 237.03491592407227, 241.8693084716797, 246.29678916931152, 230.7596607208252, 249.3807258605957, 229.8975887298584, 236.54975509643555, 243.94948196411133]}, "cur_epoch": 47, "best_epoch": 45, "best_loss": 229.8975887298584, "time_process": 21252.062564849854, "model_name": "EDCLSTM_exp_capas2_Adam_LSTM.pt"}