{"losses": {"train": [2663841.9755452476, 269057.31365966797, 21887.05474344889, 4784.319175084432, 3802.8408300081887, 3560.2696596781416, 3370.5049231847124, 3344.8427441120148, 3327.29824368159, 3320.9027721087136, 3315.9009937445326, 3314.684243361155, 3466.1997865041094, 3775.1038533846536, 3470.721661567688, 3540.2658972740173, 3525.860039393107, 3494.3941880861917, 3393.2505067189536, 3389.376081148783, 3382.6116335392, 3354.8843145370483, 3370.6255939006805, 3423.3920136292772, 3465.5894899368286, 3518.468044598897, 3757.763626734416, 3676.5147970517473, 3444.186909198761, 3314.6130073865256, 3334.446220239003, 3411.666662295659, 3346.5829459031424, 3419.9803129831953, 3323.8944861094155, 3369.3871924877167, 3459.378366947174, 3391.3647765318556, 3332.9761582215624, 3321.6018287340803, 3302.0074469248457, 3436.347181399663, 3594.1909494400024, 3358.4770317077637, 3300.3037078380585, 3293.3007686138153, 3354.6554083824158, 3298.660912672679, 3284.861499071121, 3287.873981992404, 3287.559630552928, 3267.6067826350527, 3243.5355285406113, 3225.8905758857727, 3230.867764631907], "valid": [70508.6416015625, 4490.285339355469, 502.84840393066406, 255.6296043395996, 240.73856353759766, 218.3555564880371, 216.2485065460205, 214.60535430908203, 214.00504875183105, 213.54826068878174, 213.59123992919922, 217.96139526367188, 256.3478412628174, 237.0316276550293, 235.76365280151367, 253.87591743469238, 230.14237880706787, 224.2410831451416, 222.97379875183105, 225.47921180725098, 219.63083744049072, 216.56209659576416, 220.50861072540283, 224.04932594299316, 220.69401931762695, 249.4115104675293, 220.68597412109375, 245.69257736206055, 213.66692543029785, 210.71496200561523, 209.9616937637329, 216.49983310699463, 223.31071853637695, 213.5926170349121, 217.1371841430664, 223.71474838256836, 229.2512331008911, 227.78208827972412, 216.83379745483398, 215.43798446655273, 216.26433658599854, 210.75367641448975, 223.33747100830078, 212.06007766723633, 214.5079927444458, 211.32598686218262, 214.52771663665771, 211.87931060791016, 216.9603509902954, 213.8474464416504, 212.3796510696411, 209.65574645996094, 207.25614166259766, 208.0102996826172, 208.36386108398438]}, "cur_epoch": 55, "best_epoch": 53, "best_loss": 207.25614166259766, "time_process": 23179.54768061638, "model_name": "EDCLSTM_exp_Adam_LSTM_2_2.pt"}