{"losses": {"train": [4136832.063395182, 60536.727629343666, 14793.37547747294, 10001.912207285563, 7866.925227483113, 7453.760523160299, 7238.069711685181, 7279.084357261658, 7204.107868512472, 7229.475975354512, 7267.2573709487915, 7313.839369138082, 8350.129608154297, 10383.088954925537, 9001.279146194458, 9004.056619008381, 8665.178784370422, 10390.104049682617, 8330.115718523663, 7696.278143246968, 7613.266174316406, 7549.201095898946, 8040.318169911702, 8384.625712712606, 8540.245326042175, 8303.704754511515, 9160.181993484497, 9361.661219914753], "valid": [8309.645935058594, 947.1777114868164, 428.49156951904297, 433.3842468261719, 392.27595710754395, 370.3064155578613, 372.71601486206055, 365.9346809387207, 364.5161838531494, 377.65364837646484, 393.4530563354492, 410.3169746398926, 454.0675220489502, 495.0838966369629, 506.9012813568115, 517.6414470672607, 616.3950519561768, 444.1282253265381, 417.7872009277344, 413.36280059814453, 395.1993942260742, 398.2920169830322, 421.1386260986328, 422.92596435546875, 436.1098461151123, 493.2781066894531, 454.39378356933594, 483.6030387878418]}, "cur_epoch": 28, "best_epoch": 9, "best_loss": 364.5161838531494, "time_process": 18022.67881822586, "model_name": "EDCLSTM_exp_Adam_LSTM_2.pt"}