{"losses": {"train": [221695.6720377604, 220953.94732666016, 220342.63150024414, 219547.06761678058, 218641.1858723958, 217441.86631266278, 215471.5062154134, 211502.57403564453, 199184.76440429688, 162156.64380900064, 74598.63900756836, 28737.724260965984, 16878.68056488037, 13576.280793507893, 12114.147808710733, 11195.352427164715, 10631.358715693155, 10228.284243265787, 9836.37263552348, 9579.517481486004, 9335.816169102985, 9128.480279922485, 8949.656872431438, 8810.195414225262, 8673.933787027996, 8544.129997253418, 8454.122421900433, 8350.152483622234, 8271.382993062336, 8200.31069310506, 28558.3462928772], "valid": [10537.541381835938, 10506.441223144531, 10473.553680419922, 10436.20913696289, 10390.119445800781, 10320.408966064453, 10185.851928710938, 9853.787292480469, 8793.214813232422, 5190.4102783203125, 1926.1587524414062, 962.7139701843262, 723.4433364868164, 622.6127624511719, 573.9515285491943, 542.7731189727783, 520.3421115875244, 502.3636875152588, 488.22671127319336, 475.64887619018555, 465.61470794677734, 456.98975372314453, 449.38170623779297, 442.80703353881836, 436.9388790130615, 431.8308391571045, 427.1462230682373, 423.1969108581543, 419.4603023529053, 416.18677139282227, 578.8425674438477]}, "cur_epoch": 31, "best_epoch": 30, "best_loss": 416.18677139282227, "time_process": 12656.220038414001, "model_name": "EDCLSTM_exp_2_Adam_LSTM.pt"}