{"losses": {"train": [31543635.080078125, 40089355.75, 40085200.1875, 40089443.1875, 40089443.1875, 40089443.1875, 40089443.1875, 40089443.1875, 40089443.1875, 40089443.1875, 40089443.1875, 40089443.1875, 40089443.1875, 40089443.1875, 40089443.1875, 40089443.1875, 40089443.1875, 40089443.1875, 40089443.1875, 40089443.1875, 40089443.1875, 40089443.1875, 40089443.1875, 40089443.1875, 40089443.1875, 40089443.1875, 40089443.1875, 40089443.1875, 40089443.1875, 40089443.1875, 40089443.1875, 40089443.1875, 40089443.1875, 40089443.1875, 40089443.1875, 40089443.1875, 40089443.1875, 40089443.1875, 40089443.1875, 40089443.1875, 40089443.1875, 40089443.1875, 40089443.1875, 40089443.1875, 40089443.1875, 40089443.1875, 40089443.1875, 40089443.1875, 40089443.1875, 40089443.1875, 40089443.1875, 40089443.1875, 40089443.1875, 40089443.1875, 40089443.1875, 40089443.1875, 40089443.1875, 40089443.1875, 40089443.1875, 40089443.1875, 40089443.1875, 40089443.1875, 40089443.1875, 40089443.1875, 40089443.1875, 40089443.1875, 40089443.1875, 40089443.1875, 40089443.1875, 40089443.1875, 40089443.1875, 40089443.1875, 40089443.1875, 40089443.1875, 40089443.1875, 40089443.1875, 40089443.1875, 40089443.1875, 40089443.1875, 40089443.1875, 40089443.1875, 40089443.1875, 40089443.1875, 40089443.1875, 40089443.1875, 40089443.1875, 40089443.1875, 40089443.1875, 40089443.1875, 40089443.1875, 40089443.1875, 40089443.1875, 40089443.1875, 40089443.1875, 40089443.1875, 40089443.1875, 40089443.1875, 40089443.1875, 40089443.1875, 40089443.1875], "valid": [581079.859375, 581079.859375, 581069.23046875, 581069.23046875, 581069.23046875, 581069.23046875, 581069.23046875, 581069.23046875, 581069.23046875, 581069.23046875, 581069.23046875, 581069.23046875, 581069.23046875, 581069.23046875, 581069.23046875, 581069.23046875, 581069.23046875, 581069.23046875, 581069.23046875, 581069.23046875, 581069.23046875, 581069.23046875, 581069.23046875, 581069.23046875, 581069.23046875, 581069.23046875, 581069.23046875, 581069.23046875, 581069.23046875, 581069.23046875, 581069.23046875, 581069.23046875, 581069.23046875, 581069.23046875, 581069.23046875, 581069.23046875, 581069.23046875, 581069.23046875, 581069.23046875, 581069.23046875, 581069.23046875, 581069.23046875, 581069.23046875, 581069.23046875, 581069.23046875, 581069.23046875, 581069.23046875, 581069.23046875, 581069.23046875, 581069.23046875, 581069.23046875, 581069.23046875, 581069.23046875, 581069.23046875, 581069.23046875, 581069.23046875, 581069.23046875, 581069.23046875, 581069.23046875, 581069.23046875, 581069.23046875, 581069.23046875, 581069.23046875, 581069.23046875, 581069.23046875, 581069.23046875, 581069.23046875, 581069.23046875, 581069.23046875, 581069.23046875, 581069.23046875, 581069.23046875, 581069.23046875, 581069.23046875, 581069.23046875, 581069.23046875, 581069.23046875, 581069.23046875, 581069.23046875, 581069.23046875, 581069.23046875, 581069.23046875, 581069.23046875, 581069.23046875, 581069.23046875, 581069.23046875, 581069.23046875, 581069.23046875, 581069.23046875, 581069.23046875, 581069.23046875, 581069.23046875, 581069.23046875, 581069.23046875, 581069.23046875, 581069.23046875, 581069.23046875, 581069.23046875, 581069.23046875, 581069.23046875]}, "cur_epoch": 100, "best_epoch": 3, "best_loss": 581069.23046875, "time_process": 20419.841948509216, "model_name": "EDCLSTM_exp_SGD.pt"}