{"losses": {"train": [406054.2892303467, 73027.4223022461, 37001.788314819336, 13552.137329101562, 13923.206302642822, 7642.467826843262, 3549.647148132324, 3524.91463470459, 2929.3368129730225, 2800.4341888427734, 2385.8360805511475, 2264.3961181640625, 2213.987575531006, 2193.842939376831, 2180.6497497558594, 2170.666305541992, 2160.721866607666, 2154.9511070251465, 2149.3834114074707, 2144.7963066101074, 2139.908628463745, 2135.9443378448486, 2131.572317123413, 2128.5033836364746, 2124.318338394165, 2121.3995399475098, 2117.5710735321045, 2114.047462463379, 2110.562442779541, 2107.1102390289307, 2104.5450477600098, 2102.408742904663, 2100.1084327697754, 2097.580696105957, 2095.82586479187, 2094.2516803741455, 2092.929470062256, 2091.198715209961, 2089.1459226608276, 2087.947109222412, 2091.781982421875, 2096.939094543457, 2114.660015106201, 2111.285182952881, 2100.3708820343018, 2149.8490505218506, 2095.546220779419, 2087.7241983413696, 2126.509397506714, 2105.320390701294, 2151.835286140442, 2126.9353828430176, 2116.01828956604, 2111.405524253845, 2098.8751125335693, 2174.7589836120605, 2126.6451110839844, 2105.3860912323, 2097.9709606170654, 2137.1811904907227, 2132.0528678894043, 2102.94344329834, 2103.1799144744873, 2121.7242393493652, 2185.6145782470703, 2308.254114151001, 2377.9621772766113, 2287.239025115967, 2202.437490463257, 2227.9340534210205, 2227.9653511047363, 2133.219591140747, 2136.9910373687744, 2135.841381072998, 2106.034294128418, 2102.102367401123, 2081.347101211548, 2075.4511766433716], "valid": [1971.9550170898438, 905.7951049804688, 251.36363220214844, 121.01223754882812, 174.30323028564453, 79.01124954223633, 82.31849098205566, 57.77080821990967, 59.98892593383789, 38.92150640487671, 38.260305404663086, 38.0483193397522, 38.06981110572815, 37.73942422866821, 37.51056635379791, 37.23892533779144, 37.14576983451843, 37.03826665878296, 36.956655502319336, 36.83932375907898, 36.78343677520752, 36.69934320449829, 36.625807762145996, 36.551228284835815, 36.48240828514099, 36.41380858421326, 36.345377922058105, 36.27791380882263, 36.21845066547394, 36.165114402770996, 36.117624282836914, 36.08168387413025, 36.03610444068909, 35.98893487453461, 35.96493101119995, 35.94384241104126, 35.89398109912872, 35.85603058338165, 35.82208180427551, 36.00019431114197, 35.91894745826721, 35.84138584136963, 36.69176435470581, 36.033621072769165, 37.324333906173706, 35.9809045791626, 35.910929441452026, 36.1788010597229, 36.45718812942505, 36.35847473144531, 36.556050419807434, 36.46336913108826, 36.669883012771606, 36.088003396987915, 36.44527316093445, 35.82609796524048, 36.007288336753845, 36.23796498775482, 36.12073194980621, 36.164135575294495, 35.80680239200592, 36.85741972923279, 36.14628326892853, 35.723899245262146, 39.849939823150635, 43.04803657531738, 39.862696170806885, 37.980817794799805, 36.23873710632324, 37.006598472595215, 35.72382342815399, 36.67995500564575, 37.57549262046814, 35.73544454574585, 35.49601376056671, 35.62189531326294, 35.96853542327881, 35.65881431102753]}, "cur_epoch": 78, "best_epoch": 75, "best_loss": 35.49601376056671, "time_process": 15299.862619161606, "model_name": "EDCLSTM_exp_max_30_1.pt"}