{"losses": {"train": [114529.67515055339, 3948.0477142333984, 2150.852472941081, 1818.6879628499348, 1672.9925664265952, 1635.9560553232827, 1616.2700599034629, 1604.0853656133017, 1595.3869444529214, 1588.3191464742024, 1581.5409466425576, 1576.497372309367, 1571.3817949295044, 1579.3155530293782, 1582.1387990315757, 1562.1098461151123, 1553.9241612752278, 1557.6264861424766, 1558.255150794983, 1545.2108554840088, 1511.2310082117717, 1567.1069424947102, 1415.893633524577, 1374.013536453247, 1353.5437259674072, 1334.8861935933433, 1327.5574811299643, 1325.738135019938, 1318.1813395818076, 1314.5561418533325, 1308.5741093953452, 1301.8764266967773, 1298.0453993479412, 1292.6523202260337, 1288.1754474639893, 1284.1560208002725, 1289.556209564209, 1281.2108462651572, 1273.7718846003213, 1274.057950337728, 1269.2595920562744], "valid": [173.18192291259766, 105.0678300857544, 75.5741868019104, 71.02955055236816, 67.52003502845764, 66.51507830619812, 66.03533172607422, 65.58267831802368, 65.22205448150635, 64.91762614250183, 64.63951027393341, 64.44724214076996, 64.1939959526062, 64.50333619117737, 64.26674890518188, 63.72074592113495, 63.61591339111328, 65.81513047218323, 64.72808337211609, 62.06865310668945, 64.56004166603088, 58.93768310546875, 53.52996301651001, 53.13882291316986, 53.41114282608032, 52.674203395843506, 52.287761926651, 52.535221099853516, 51.84946262836456, 51.92948818206787, 51.94694721698761, 51.53138732910156, 51.864352107048035, 51.57981467247009, 51.81349182128906, 52.32107448577881, 51.23425340652466, 51.6578152179718, 51.17725419998169, 50.90005719661713, 50.78248381614685]}, "cur_epoch": 41, "best_epoch": 41, "best_loss": 50.78248381614685, "time_process": 16421.626856327057, "model_name": "EDCLSTM_final_RCNN_T_nf20_lr1e2_past20_batch5.pt"}